[
    {
      "id": 1,
      "name": "Spaghetti Carbonara",
      "price": 12.99,
      "description": "Classic Italian pasta with egg, cheese, pancetta, and pepper."
    },
    {
      "id": 2,
      "name": "Margherita Pizza",
      "price": 9.99,
      "description": "Tomato, mozzarella, and fresh basil."
    },
    {
      "id": 3,
      "name": "Caesar Salad",
      "price": 7.99,
      "description": "Crispy romaine lettuce with Caesar dressing and croutons."
    }
  ]
  